endpoint,category,workload,connection_mode,workers,row_type,trial,n,latency_min_ms,latency_mean_ms,latency_p50_ms,latency_p95_ms,latency_p99_ms,latency_max_ms,headers_p50_ms,ttfb_p50_ms,ttfb_p95_ms,throughput_rps,successes,errors,will_close_responses,transport_retries,new_connection_responses,reused_connection_responses,response_body_mean_bytes,p50_latency_speedup_vs_original,p95_latency_speedup_vs_original,throughput_speedup_vs_original,play_speedup_vs_own_two_stage
original,lookup_hotset,,connection_close,,trial,1,160,3.886,11.147,5.147,26.028,27.806,28.167,4.943,4.99,25.823,88.722,160,0,160,0,160,0,336.1,,,,
original,lookup_hotset,,connection_close,,trial,2,160,3.948,9.8,5.003,25.921,27.503,27.582,4.798,4.842,25.727,100.757,160,0,160,0,160,0,337.2375,,,,
original,lookup_hotset,,connection_close,,trial,3,160,4.009,10.936,5.043,26.882,28.701,31.337,4.832,4.869,26.734,90.414,160,0,160,0,160,0,340.00625,,,,
original,lookup_hotset,,connection_close,,trial,4,160,4.14,10.192,4.958,26.112,28.447,29.87,4.719,4.76,25.927,96.911,160,0,160,0,160,0,338.90625,,,,
original,lookup_hotset,,connection_close,,trial,5,160,3.968,11.039,5.171,26.69,27.903,28.762,4.96,4.999,26.547,89.577,160,0,160,0,160,0,335.51875,,,,
original,lookup_hotset,,connection_close,,aggregate,all,800,3.886,10.623,5.072,26.541,27.995,31.337,4.843,4.891,26.35,90.414,800,0,800,0,800,0,337.554,,,,
original,lookup_unique_real_hit,,connection_close,,trial,1,160,4.375,11.504,5.986,29.288,30.633,31.639,5.762,5.803,29.084,85.754,160,0,160,0,160,0,221.225,,,,
original,lookup_unique_real_hit,,connection_close,,trial,2,160,4.633,11.824,6.222,29.539,30.416,32.577,5.976,6.03,29.369,83.45,160,0,160,0,160,0,226.175,,,,
original,lookup_unique_real_hit,,connection_close,,trial,3,160,4.714,11.851,6.008,29.104,30.816,31.276,5.806,5.85,28.904,83.288,160,0,160,0,160,0,227.4375,,,,
original,lookup_unique_real_hit,,connection_close,,trial,4,160,4.54,10.063,5.834,26.45,29.497,29.608,5.625,5.668,26.256,97.879,160,0,160,0,160,0,227.9375,,,,
original,lookup_unique_real_hit,,connection_close,,trial,5,160,4.625,11.75,6.607,27.607,30.484,31.038,6.372,6.416,27.464,84.001,160,0,160,0,160,0,224.36875,,,,
original,lookup_unique_real_hit,,connection_close,,aggregate,all,800,4.375,11.398,6.094,28.8,30.455,32.577,5.881,5.929,28.645,84.001,800,0,800,0,800,0,225.429,,,,
original,two_stage,,connection_close,,trial,1,40,8.079,25.226,25.116,41.859,46.584,46.584,5.562,17.461,26.585,39.617,40,0,80,0,80,0,4520.9,,,,
original,two_stage,,connection_close,,trial,2,40,7.53,21.429,22.77,33.545,41.59,41.59,3.07,3.29,25.168,46.631,40,0,80,0,80,0,4507.475,,,,
original,two_stage,,connection_close,,trial,3,40,7.44,20.704,23.664,35.654,42.597,42.597,3.053,3.222,20.926,48.264,40,0,80,0,80,0,4519.0,,,,
original,two_stage,,connection_close,,trial,4,40,7.659,20.605,25.798,34.607,37.213,37.213,2.943,3.179,25.717,48.496,40,0,80,0,80,0,4540.25,,,,
original,two_stage,,connection_close,,trial,5,40,7.287,19.266,21.186,32.091,39.917,39.917,3.099,3.298,20.78,51.866,40,0,80,0,80,0,4529.475,,,,
original,two_stage,,connection_close,,aggregate,all,200,7.287,21.446,23.753,37.649,42.597,46.584,3.151,3.338,25.717,48.264,200,0,400,0,400,0,4523.42,,,,
original,lookup_hotset,,keep_alive,,trial,1,160,3.95,10.202,5.046,27.21,28.71,29.572,4.802,4.844,27.022,96.806,160,0,160,0,160,0,336.1,,,,
original,lookup_hotset,,keep_alive,,trial,2,160,4.043,10.54,5.39,25.72,29.022,30.264,5.177,5.222,25.515,93.723,160,0,160,0,160,0,337.2375,,,,
original,lookup_hotset,,keep_alive,,trial,3,160,4.076,10.192,5.229,26.022,29.365,29.439,5.027,5.072,25.78,96.865,160,0,160,0,160,0,340.00625,,,,
original,lookup_hotset,,keep_alive,,trial,4,160,4.005,10.23,5.723,25.548,29.085,29.29,5.501,5.554,25.299,96.447,160,0,160,0,160,0,338.90625,,,,
original,lookup_hotset,,keep_alive,,trial,5,160,4.249,10.353,5.857,26.306,30.795,31.252,5.602,5.649,26.113,95.28,160,0,160,0,160,0,335.51875,,,,
original,lookup_hotset,,keep_alive,,aggregate,all,800,3.95,10.304,5.513,26.367,29.365,31.252,5.276,5.323,26.166,96.447,800,0,800,0,800,0,337.554,,,,
original,lookup_unique_real_hit,,keep_alive,,trial,1,160,4.685,11.034,5.734,25.557,30.132,30.782,5.535,5.58,25.372,89.389,160,0,160,0,160,0,221.44375,,,,
original,lookup_unique_real_hit,,keep_alive,,trial,2,160,4.387,10.07,5.912,27.781,29.936,30.197,5.648,5.716,27.59,97.771,160,0,160,0,160,0,221.03125,,,,
original,lookup_unique_real_hit,,keep_alive,,trial,3,160,4.461,11.39,5.87,26.071,31.177,35.529,5.628,5.672,25.9,86.531,160,0,160,0,160,0,246.31875,,,,
original,lookup_unique_real_hit,,keep_alive,,trial,4,160,4.348,11.313,5.731,26.681,29.239,29.471,5.504,5.554,26.514,87.185,160,0,160,0,160,0,259.2875,,,,
original,lookup_unique_real_hit,,keep_alive,,trial,5,160,4.55,11.368,5.97,29.159,30.853,30.88,5.725,5.775,28.971,86.762,160,0,160,0,160,0,203.625,,,,
original,lookup_unique_real_hit,,keep_alive,,aggregate,all,800,4.348,11.035,5.87,27.909,30.121,35.529,5.641,5.674,27.758,87.185,800,0,800,0,800,0,230.341,,,,
original,two_stage,,keep_alive,,trial,1,40,7.628,21.31,22.776,31.246,41.858,41.858,3.099,3.377,25.335,46.889,40,0,80,0,80,0,4520.9,,,,
original,two_stage,,keep_alive,,trial,2,40,7.514,18.922,18.263,38.054,40.747,40.747,3.027,3.237,24.969,52.803,40,0,80,0,80,0,4507.475,,,,
original,two_stage,,keep_alive,,trial,3,40,7.684,22.785,25.739,36.295,38.398,38.398,13.183,13.364,25.384,43.859,40,0,80,0,80,0,4519.0,,,,
original,two_stage,,keep_alive,,trial,4,40,7.67,25.575,30.049,40.946,56.475,56.475,3.554,3.801,26.833,39.077,40,0,80,0,80,0,4540.25,,,,
original,two_stage,,keep_alive,,trial,5,40,7.463,21.25,21.914,38.303,38.689,38.689,3.416,3.596,25.49,47.024,40,0,80,0,80,0,4529.475,,,,
original,two_stage,,keep_alive,,aggregate,all,200,7.463,21.968,23.548,38.303,41.858,56.475,3.213,3.458,25.912,46.889,200,0,400,0,400,0,4523.42,,,,
original,concurrency,lookup,connection_close,1,trial,1,160,4.073,10.516,5.036,26.468,28.719,29.943,4.805,4.857,26.263,93.713,160,0,160,0,160,0,340.15625,,,,
original,concurrency,lookup,connection_close,1,trial,2,160,3.916,10.369,5.423,25.968,29.001,30.572,5.194,5.242,25.737,95.197,160,0,160,0,160,0,336.85625,,,,
original,concurrency,lookup,connection_close,1,trial,3,160,4.151,10.187,5.457,25.318,26.882,28.292,5.246,5.29,25.145,96.897,160,0,160,0,160,0,340.9125,,,,
original,concurrency,lookup,connection_close,1,aggregate,all,480,3.916,10.357,5.34,26.11,28.719,30.572,5.123,5.171,25.737,95.197,480,0,480,0,480,0,339.308,,,,
original,concurrency,audio,connection_close,1,trial,1,160,2.795,10.189,3.745,26.334,27.779,27.934,3.118,3.362,25.986,96.692,160,0,160,0,160,0,4217.79375,,,,
original,concurrency,audio,connection_close,1,trial,2,160,2.921,9.423,3.689,26.822,27.675,28.436,3.112,3.346,26.396,104.478,160,0,160,0,160,0,4221.2875,,,,
original,concurrency,audio,connection_close,1,trial,3,160,2.808,8.877,3.516,26.444,27.74,28.063,2.969,3.163,26.013,110.797,160,0,160,0,160,0,4207.61875,,,,
original,concurrency,audio,connection_close,1,aggregate,all,480,2.795,9.497,3.63,26.562,27.74,28.436,3.079,3.272,26.167,104.478,480,0,480,0,480,0,4215.567,,,,
original,concurrency,lookup,connection_close,8,trial,1,160,5.112,15.647,9.902,27.993,35.448,511.411,9.481,9.772,27.871,247.207,160,0,160,0,160,0,340.15625,,,,
original,concurrency,lookup,connection_close,8,trial,2,160,5.747,12.616,10.324,27.834,35.656,39.606,9.608,10.097,27.371,587.311,160,0,160,0,160,0,336.85625,,,,
original,concurrency,lookup,connection_close,8,trial,3,160,4.676,16.579,9.954,29.297,43.236,511.929,9.406,9.739,29.133,219.75,160,0,160,0,160,0,340.9125,,,,
original,concurrency,lookup,connection_close,8,aggregate,all,480,4.676,14.947,9.992,28.921,40.695,511.929,9.522,9.839,28.783,247.207,480,0,480,0,480,0,339.308,,,,
original,concurrency,audio,connection_close,8,trial,1,160,2.759,13.424,7.21,27.558,30.484,510.204,5.29,6.445,26.76,297.903,160,0,160,0,160,0,4217.79375,,,,
original,concurrency,audio,connection_close,8,trial,2,160,4.171,12.786,8.601,21.646,30.019,510.839,6.507,7.858,20.453,304.313,160,0,160,0,160,0,4221.2875,,,,
original,concurrency,audio,connection_close,8,trial,3,160,2.944,12.514,7.845,22.194,27.246,511.719,5.953,7.147,21.641,303.488,160,0,160,0,160,0,4207.61875,,,,
original,concurrency,audio,connection_close,8,aggregate,all,480,2.759,12.908,8.017,24.814,30.019,511.719,5.953,7.319,23.897,303.488,480,0,480,0,480,0,4215.567,,,,
original,concurrency,lookup,connection_close,32,trial,1,160,3.885,105.837,11.251,525.452,1031.36,1037.492,11.114,11.147,525.343,151.103,160,0,160,0,160,0,340.15625,,,,
original,concurrency,lookup,connection_close,32,trial,2,160,4.782,99.075,12.675,519.747,1029.09,1034.104,12.11,12.515,519.619,151.276,160,0,160,0,160,0,336.85625,,,,
original,concurrency,lookup,connection_close,32,trial,3,160,4.552,99.304,11.45,529.215,1023.641,1025.425,11.004,11.133,529.078,151.868,160,0,160,0,160,0,340.9125,,,,
original,concurrency,lookup,connection_close,32,aggregate,all,480,3.885,101.405,12.247,526.159,1029.562,1037.492,11.839,11.988,526.022,151.276,480,0,480,0,480,0,339.308,,,,
original,concurrency,audio,connection_close,32,trial,1,160,2.893,96.946,9.967,521.925,1017.297,1029.205,7.706,9.018,521.557,152.423,160,0,160,0,160,0,4217.79375,,,,
original,concurrency,audio,connection_close,32,trial,2,160,3.151,96.039,9.496,521.188,1023.933,1039.602,7.377,8.753,520.555,151.826,160,0,160,0,160,0,4221.2875,,,,
original,concurrency,audio,connection_close,32,trial,3,160,2.511,100.056,11.679,520.66,1022.633,1030.443,9.148,10.222,520.273,151.531,160,0,160,0,160,0,4207.61875,,,,
original,concurrency,audio,connection_close,32,aggregate,all,480,2.511,97.68,9.997,521.231,1022.633,1039.602,7.823,9.173,520.678,151.826,480,0,480,0,480,0,4215.567,,,,
original,concurrency,lookup,keep_alive,1,trial,1,160,4.03,9.784,4.925,26.777,28.771,28.797,4.714,4.763,26.575,100.827,160,0,160,0,160,0,340.15625,,,,
original,concurrency,lookup,keep_alive,1,trial,2,160,3.926,9.629,5.207,26.5,29.711,30.64,4.978,5.02,26.312,102.392,160,0,160,0,160,0,336.85625,,,,
original,concurrency,lookup,keep_alive,1,trial,3,160,4.098,10.969,5.388,26.175,28.038,29.197,5.182,5.231,26.024,90.09,160,0,160,0,160,0,340.9125,,,,
original,concurrency,lookup,keep_alive,1,aggregate,all,480,3.926,10.127,5.169,26.5,29.197,30.64,4.946,4.989,26.312,100.827,480,0,480,0,480,0,339.308,,,,
original,concurrency,audio,keep_alive,1,trial,1,160,2.987,10.097,3.938,26.886,28.066,28.631,3.267,3.575,26.489,97.573,160,0,160,0,160,0,4217.79375,,,,
original,concurrency,audio,keep_alive,1,trial,2,160,2.873,9.318,3.819,26.84,27.678,28.135,3.254,3.481,26.497,105.543,160,0,160,0,160,0,4221.2875,,,,
original,concurrency,audio,keep_alive,1,trial,3,160,2.961,10.096,4.024,27.087,28.14,28.284,3.393,3.665,26.675,97.554,160,0,160,0,160,0,4207.61875,,,,
original,concurrency,audio,keep_alive,1,aggregate,all,480,2.873,9.837,3.946,26.963,28.066,28.631,3.293,3.567,26.538,97.573,480,0,480,0,480,0,4215.567,,,,
original,concurrency,lookup,keep_alive,8,trial,1,160,4.086,13.042,9.4,30.245,43.521,51.825,8.971,9.232,30.094,575.992,160,0,160,0,160,0,340.15625,,,,
original,concurrency,lookup,keep_alive,8,trial,2,160,4.607,12.823,9.828,28.128,34.173,37.578,9.367,9.696,27.884,576.982,160,0,160,0,160,0,336.85625,,,,
original,concurrency,lookup,keep_alive,8,trial,3,160,3.99,13.946,10.347,30.556,38.517,41.876,10.153,10.209,30.32,548.546,160,0,160,0,160,0,340.9125,,,,
original,concurrency,lookup,keep_alive,8,aggregate,all,480,3.99,13.27,9.979,29.887,38.517,51.825,9.637,9.8,29.724,575.992,480,0,480,0,480,0,339.308,,,,
original,concurrency,audio,keep_alive,8,trial,1,160,3.2,12.715,8.031,25.778,30.939,504.721,6.062,7.462,25.128,307.356,160,0,160,0,160,0,4217.79375,,,,
original,concurrency,audio,keep_alive,8,trial,2,160,2.62,12.815,7.785,24.555,29.973,508.639,5.691,7.057,23.495,305.771,160,0,160,0,160,0,4221.2875,,,,
original,concurrency,audio,keep_alive,8,trial,3,160,3.151,13.057,8.319,25.362,29.622,504.383,6.374,7.617,24.652,303.622,160,0,160,0,160,0,4207.61875,,,,
original,concurrency,audio,keep_alive,8,aggregate,all,480,2.62,12.863,8.031,25.778,30.008,508.639,6.098,7.409,24.692,305.771,480,0,480,0,480,0,4215.567,,,,
original,concurrency,lookup,keep_alive,32,trial,1,160,4.568,114.62,11.841,534.71,1030.36,1030.437,11.522,11.608,534.569,151.329,160,0,160,0,160,0,340.15625,,,,
original,concurrency,lookup,keep_alive,32,trial,2,160,4.25,92.297,11.886,527.003,531.465,534.245,11.542,11.594,526.862,272.645,160,0,160,0,160,0,336.85625,,,,
original,concurrency,lookup,keep_alive,32,trial,3,160,4.972,106.019,12.366,531.688,1027.921,1034.526,11.576,12.192,531.544,151.524,160,0,160,0,160,0,340.9125,,,,
original,concurrency,lookup,keep_alive,32,aggregate,all,480,4.25,104.312,12.171,529.571,1027.921,1034.526,11.568,12.03,529.405,151.524,480,0,480,0,480,0,339.308,,,,
original,concurrency,audio,keep_alive,32,trial,1,160,4.185,96.019,9.202,523.167,1014.25,1014.883,6.732,8.364,522.487,153.105,160,0,160,0,160,0,4217.79375,,,,
original,concurrency,audio,keep_alive,32,trial,2,160,4.87,95.888,9.515,519.308,1017.715,1024.338,7.548,8.709,518.802,150.181,160,0,160,0,160,0,4221.2875,,,,
original,concurrency,audio,keep_alive,32,trial,3,160,3.144,102.517,10.097,522.252,1030.907,1034.122,7.615,9.31,521.144,149.401,160,0,160,0,160,0,4207.61875,,,,
original,concurrency,audio,keep_alive,32,aggregate,all,480,3.144,98.141,9.656,522.252,1022.564,1034.122,7.512,8.762,521.486,150.181,480,0,480,0,480,0,4215.567,,,,
anki_optimized,lookup_hotset,,connection_close,,trial,1,160,1.908,9.079,2.647,25.326,26.584,26.705,2.574,2.631,25.309,106.809,160,0,0,0,160,0,285.29375,,,,
anki_optimized,lookup_hotset,,connection_close,,trial,2,160,1.831,8.641,2.64,25.239,26.651,26.82,2.578,2.622,25.221,111.906,160,0,0,0,160,0,286.225,,,,
anki_optimized,lookup_hotset,,connection_close,,trial,3,160,2.016,8.462,3.034,26.135,27.377,28.187,2.966,3.013,26.112,113.884,160,0,0,0,160,0,288.7125,,,,
anki_optimized,lookup_hotset,,connection_close,,trial,4,160,1.981,7.943,2.673,22.197,25.937,28.002,2.623,2.656,22.173,121.426,160,0,0,0,160,0,287.83125,,,,
anki_optimized,lookup_hotset,,connection_close,,trial,5,160,1.905,8.608,2.683,24.571,25.985,26.86,2.606,2.664,24.554,112.378,160,0,0,0,160,0,284.7875,,,,
anki_optimized,lookup_hotset,,connection_close,,aggregate,all,800,1.831,8.547,2.793,24.758,26.705,28.187,2.717,2.768,24.741,112.378,800,0,0,0,800,0,286.57,1.816,1.072,1.243,
anki_optimized,lookup_unique_real_hit,,connection_close,,trial,1,160,2.414,10.482,4.484,27.114,29.82,30.443,4.409,4.465,27.095,92.448,160,0,0,0,160,0,185.64375,,,,
anki_optimized,lookup_unique_real_hit,,connection_close,,trial,2,160,2.254,10.346,4.053,27.156,29.245,29.349,3.995,4.037,27.137,93.825,160,0,0,0,160,0,190.875,,,,
anki_optimized,lookup_unique_real_hit,,connection_close,,trial,3,160,2.267,10.85,4.487,27.451,27.911,28.204,4.417,4.469,27.433,89.558,160,0,0,0,160,0,192.48125,,,,
anki_optimized,lookup_unique_real_hit,,connection_close,,trial,4,160,2.369,10.15,4.316,27.54,28.137,28.298,4.254,4.3,27.508,95.407,160,0,0,0,160,0,191.2875,,,,
anki_optimized,lookup_unique_real_hit,,connection_close,,trial,5,160,2.18,10.557,4.115,26.47,27.73,27.803,4.082,4.099,26.451,92.006,160,0,0,0,160,0,189.48125,,,,
anki_optimized,lookup_unique_real_hit,,connection_close,,aggregate,all,800,2.18,10.477,4.324,27.276,28.176,30.443,4.256,4.304,27.258,92.448,800,0,0,0,800,0,189.954,1.409,1.056,1.101,
anki_optimized,two_stage,,connection_close,,trial,1,40,4.671,16.115,15.93,29.809,38.071,38.071,2.349,2.561,22.075,61.988,40,0,0,0,80,0,4465.775,,,,
anki_optimized,two_stage,,connection_close,,trial,2,40,4.779,19.036,17.67,31.811,39.264,39.264,2.526,2.601,24.817,52.483,40,0,0,0,80,0,4455.1,,,,
anki_optimized,two_stage,,connection_close,,trial,3,40,4.735,18.077,17.905,31.338,41.528,41.528,2.385,2.441,23.896,55.265,40,0,0,0,80,0,4466.7,,,,
anki_optimized,two_stage,,connection_close,,trial,4,40,4.656,18.714,16.36,35.141,39.113,39.113,2.317,2.348,15.674,53.385,40,0,0,0,80,0,4485.05,,,,
anki_optimized,two_stage,,connection_close,,trial,5,40,4.816,18.286,17.985,30.889,40.496,40.496,2.348,2.405,23.776,54.639,40,0,0,0,80,0,4477.375,,,,
anki_optimized,two_stage,,connection_close,,aggregate,all,200,4.656,18.045,17.67,31.811,39.264,41.528,2.374,2.459,24.338,54.639,200,0,0,0,400,0,4470.0,1.344,1.184,1.132,
anki_optimized,play,,connection_close,,trial,1,80,1.979,9.261,2.937,24.704,27.165,27.165,2.852,2.915,24.68,105.171,80,0,0,0,80,0,4153.8,,,,
anki_optimized,play,,connection_close,,trial,2,80,1.999,10.35,12.433,25.634,26.368,26.368,12.361,12.407,25.601,94.345,80,0,0,0,80,0,4165.5875,,,,
anki_optimized,play,,connection_close,,trial,3,80,1.87,9.911,3.244,25.084,27.426,27.426,3.171,3.221,25.057,98.443,80,0,0,0,80,0,4143.75,,,,
anki_optimized,play,,connection_close,,trial,4,80,2.025,9.813,2.869,25.943,28.188,28.188,2.792,2.846,25.921,99.313,80,0,0,0,80,0,4192.4875,,,,
anki_optimized,play,,connection_close,,trial,5,80,1.878,8.398,2.618,22.381,26.464,26.464,2.54,2.591,22.352,115.677,80,0,0,0,80,0,4113.4125,,,,
anki_optimized,play,,connection_close,,aggregate,all,400,1.87,9.547,3.006,25.207,26.947,28.188,2.908,2.937,25.176,99.313,400,0,0,0,400,0,4153.807,,,,5.879
anki_optimized,lookup_hotset,,keep_alive,,trial,1,160,0.279,0.582,0.598,0.842,0.868,0.938,0.574,0.587,0.825,1534.833,160,0,0,0,0,160,285.29375,,,,
anki_optimized,lookup_hotset,,keep_alive,,trial,2,160,0.251,0.55,0.572,0.807,0.894,0.902,0.548,0.558,0.795,1620.005,160,0,0,0,0,160,286.225,,,,
anki_optimized,lookup_hotset,,keep_alive,,trial,3,160,0.259,0.549,0.546,0.808,0.966,0.998,0.521,0.537,0.792,1631.34,160,0,0,0,0,160,288.7125,,,,
anki_optimized,lookup_hotset,,keep_alive,,trial,4,160,0.246,0.562,0.578,0.814,0.924,1.107,0.555,0.566,0.801,1589.92,160,0,0,0,0,160,287.83125,,,,
anki_optimized,lookup_hotset,,keep_alive,,trial,5,160,0.264,0.551,0.562,0.793,0.923,1.181,0.544,0.555,0.781,1629.268,160,0,0,0,0,160,284.7875,,,,
anki_optimized,lookup_hotset,,keep_alive,,aggregate,all,800,0.246,0.559,0.574,0.813,0.917,1.181,0.546,0.562,0.8,1620.005,800,0,0,0,0,800,286.57,9.602,32.432,16.797,
anki_optimized,lookup_unique_real_hit,,keep_alive,,trial,1,160,0.487,1.56,1.51,2.418,2.666,3.338,1.468,1.495,2.404,600.977,160,0,0,0,1,159,186.0875,,,,
anki_optimized,lookup_unique_real_hit,,keep_alive,,trial,2,160,0.451,1.613,1.411,2.306,7.172,26.287,1.366,1.396,2.292,581.868,160,0,0,0,1,159,185.975,,,,
anki_optimized,lookup_unique_real_hit,,keep_alive,,trial,3,160,0.406,0.968,0.901,1.484,1.999,2.87,0.862,0.89,1.47,940.878,160,0,0,0,1,159,199.54375,,,,
anki_optimized,lookup_unique_real_hit,,keep_alive,,trial,4,160,0.396,0.984,0.88,1.853,2.342,2.542,0.845,0.867,1.841,927.362,160,0,0,0,1,159,211.34375,,,,
anki_optimized,lookup_unique_real_hit,,keep_alive,,trial,5,160,0.499,1.31,1.291,2.091,2.488,3.82,1.24,1.274,2.077,709.087,160,0,0,0,1,159,175.01875,,,,
anki_optimized,lookup_unique_real_hit,,keep_alive,,aggregate,all,800,0.396,1.287,1.194,2.174,2.564,26.287,1.16,1.185,2.16,709.087,800,0,0,0,5,795,191.594,4.916,12.84,8.133,
anki_optimized,two_stage,,keep_alive,,trial,1,40,0.716,1.284,1.313,1.836,1.979,1.979,0.481,0.516,0.767,772.353,40,0,0,0,0,80,4465.775,,,,
anki_optimized,two_stage,,keep_alive,,trial,2,40,0.694,1.281,1.343,1.672,1.733,1.733,0.483,0.501,0.733,771.903,40,0,0,0,0,80,4455.1,,,,
anki_optimized,two_stage,,keep_alive,,trial,3,40,0.672,1.243,1.242,1.726,1.768,1.768,0.465,0.481,0.704,797.62,40,0,0,0,0,80,4466.7,,,,
anki_optimized,two_stage,,keep_alive,,trial,4,40,0.672,1.259,1.273,1.706,1.798,1.798,0.459,0.487,0.691,787.529,40,0,0,0,0,80,4485.05,,,,
anki_optimized,two_stage,,keep_alive,,trial,5,40,0.697,1.269,1.319,1.713,1.731,1.731,0.5,0.519,0.766,781.893,40,0,0,0,0,80,4477.375,,,,
anki_optimized,two_stage,,keep_alive,,aggregate,all,200,0.672,1.267,1.294,1.728,1.836,1.979,0.48,0.498,0.759,781.893,200,0,0,0,0,400,4470.0,18.194,22.16,16.675,
anki_optimized,play,,keep_alive,,trial,1,80,0.309,0.632,0.626,0.914,0.986,0.986,0.598,0.616,0.895,1468.372,80,0,0,0,0,80,4153.8,,,,
anki_optimized,play,,keep_alive,,trial,2,80,0.301,0.563,0.513,0.872,1.019,1.019,0.485,0.502,0.853,1646.314,80,0,0,0,0,80,4165.5875,,,,
anki_optimized,play,,keep_alive,,trial,3,80,0.329,0.668,0.678,0.995,1.239,1.239,0.637,0.661,0.974,1390.274,80,0,0,0,0,80,4143.75,,,,
anki_optimized,play,,keep_alive,,trial,4,80,0.311,0.647,0.673,0.912,1.125,1.125,0.634,0.654,0.881,1436.578,80,0,0,0,0,80,4192.4875,,,,
anki_optimized,play,,keep_alive,,trial,5,80,0.361,0.678,0.707,0.922,1.211,1.211,0.656,0.69,0.901,1369.066,80,0,0,0,0,80,4113.4125,,,,
anki_optimized,play,,keep_alive,,aggregate,all,400,0.301,0.638,0.659,0.918,1.03,1.239,0.619,0.645,0.899,1436.578,400,0,0,0,0,400,4153.807,,,,1.963
anki_optimized,concurrency,lookup,connection_close,1,trial,1,160,1.914,8.262,2.676,24.919,26.781,27.825,2.635,2.657,24.894,116.93,160,0,0,0,160,0,288.64375,,,,
anki_optimized,concurrency,lookup,connection_close,1,trial,2,160,1.859,8.789,2.691,24.924,27.849,28.168,2.63,2.673,24.905,110.254,160,0,0,0,160,0,285.89375,,,,
anki_optimized,concurrency,lookup,connection_close,1,trial,3,160,1.671,8.775,2.576,23.942,25.848,26.308,2.497,2.558,23.922,110.694,160,0,0,0,160,0,289.25625,,,,
anki_optimized,concurrency,lookup,connection_close,1,aggregate,all,480,1.671,8.609,2.672,24.924,27.024,28.168,2.608,2.651,24.905,110.694,480,0,0,0,480,0,287.931,1.999,1.048,1.163,
anki_optimized,concurrency,audio,connection_close,1,trial,1,160,1.64,8.197,2.429,24.947,26.364,26.405,2.359,2.4,24.919,118.192,160,0,0,0,160,0,4217.79375,,,,
anki_optimized,concurrency,audio,connection_close,1,trial,2,160,1.833,9.74,11.952,24.628,27.601,28.462,11.855,11.925,24.608,99.972,160,0,0,0,160,0,4221.2875,,,,
anki_optimized,concurrency,audio,connection_close,1,trial,3,160,1.767,9.313,2.57,25.476,26.122,26.622,2.507,2.552,25.445,104.427,160,0,0,0,160,0,4207.61875,,,,
anki_optimized,concurrency,audio,connection_close,1,aggregate,all,480,1.64,9.083,2.57,25.128,26.405,28.462,2.501,2.552,25.102,104.427,480,0,0,0,480,0,4215.567,1.413,1.057,1.0,
anki_optimized,concurrency,lookup,connection_close,8,trial,1,160,2.048,7.564,5.442,22.937,26.815,28.457,5.284,5.425,22.92,905.76,160,0,0,0,160,0,288.64375,,,,
anki_optimized,concurrency,lookup,connection_close,8,trial,2,160,1.778,8.1,5.679,24.201,26.829,27.095,5.522,5.658,24.186,866.901,160,0,0,0,160,0,285.89375,,,,
anki_optimized,concurrency,lookup,connection_close,8,trial,3,160,1.755,8.107,6.03,24.163,28.146,29.19,5.797,6.018,24.148,868.788,160,0,0,0,160,0,289.25625,,,,
anki_optimized,concurrency,lookup,connection_close,8,aggregate,all,480,1.755,7.924,5.679,24.163,27.421,29.19,5.539,5.663,24.148,868.788,480,0,0,0,480,0,287.931,1.759,1.197,3.514,
anki_optimized,concurrency,audio,connection_close,8,trial,1,160,2.161,7.149,6.145,19.429,25.126,25.166,6.095,6.128,19.399,964.094,160,0,0,0,160,0,4217.79375,,,,
anki_optimized,concurrency,audio,connection_close,8,trial,2,160,1.854,7.007,6.378,17.607,27.352,27.608,6.256,6.358,17.592,1040.755,160,0,0,0,160,0,4221.2875,,,,
anki_optimized,concurrency,audio,connection_close,8,trial,3,160,2.25,7.195,5.804,24.361,26.81,27.793,5.747,5.783,24.345,954.761,160,0,0,0,160,0,4207.61875,,,,
anki_optimized,concurrency,audio,connection_close,8,aggregate,all,480,1.854,7.117,6.18,20.536,26.564,27.793,6.095,6.156,20.512,964.094,480,0,0,0,480,0,4215.567,1.297,1.208,3.177,
anki_optimized,concurrency,lookup,connection_close,32,trial,1,160,3.25,24.161,28.856,31.701,32.08,32.405,28.592,28.834,31.687,978.591,160,0,0,0,160,0,288.64375,,,,
anki_optimized,concurrency,lookup,connection_close,32,trial,2,160,3.354,24.705,29.449,32.722,33.588,33.965,29.341,29.427,32.703,954.677,160,0,0,0,160,0,285.89375,,,,
anki_optimized,concurrency,lookup,connection_close,32,trial,3,160,3.231,25.347,29.986,34.247,35.218,35.643,29.935,29.968,34.2,932.698,160,0,0,0,160,0,289.25625,,,,
anki_optimized,concurrency,lookup,connection_close,32,aggregate,all,480,3.231,24.738,29.424,33.879,34.31,35.643,29.316,29.406,33.843,954.677,480,0,0,0,480,0,287.931,0.416,15.53,6.311,
anki_optimized,concurrency,audio,connection_close,32,trial,1,160,3.36,23.449,26.664,33.134,34.183,34.219,26.629,26.638,33.116,942.846,160,0,0,0,160,0,4217.79375,,,,
anki_optimized,concurrency,audio,connection_close,32,trial,2,160,3.356,24.141,27.079,34.036,34.689,34.774,27.049,27.057,34.02,923.265,160,0,0,0,160,0,4221.2875,,,,
anki_optimized,concurrency,audio,connection_close,32,trial,3,160,2.746,25.704,27.707,36.494,37.084,37.091,27.553,27.68,36.469,873.795,160,0,0,0,160,0,4207.61875,,,,
anki_optimized,concurrency,audio,connection_close,32,aggregate,all,480,2.746,24.431,27.444,35.523,36.905,37.091,27.271,27.413,35.501,923.265,480,0,0,0,480,0,4215.567,0.364,14.673,6.081,
anki_optimized,concurrency,lookup,keep_alive,1,trial,1,160,0.294,0.736,0.592,0.851,1.094,22.459,0.572,0.585,0.837,1238.344,160,0,0,0,1,159,288.64375,,,,
anki_optimized,concurrency,lookup,keep_alive,1,trial,2,160,0.291,0.605,0.575,0.836,0.977,4.062,0.545,0.563,0.824,1481.346,160,0,0,0,1,159,285.89375,,,,
anki_optimized,concurrency,lookup,keep_alive,1,trial,3,160,0.295,0.599,0.588,0.819,1.093,3.692,0.555,0.575,0.808,1487.549,160,0,0,0,1,159,289.25625,,,,
anki_optimized,concurrency,lookup,keep_alive,1,aggregate,all,480,0.291,0.647,0.588,0.838,1.093,22.459,0.561,0.577,0.824,1481.346,480,0,0,0,3,477,287.931,8.797,31.623,14.692,
anki_optimized,concurrency,audio,keep_alive,1,trial,1,160,0.246,0.592,0.593,0.787,0.931,3.333,0.555,0.58,0.767,1498.484,160,0,0,0,1,159,4217.79375,,,,
anki_optimized,concurrency,audio,keep_alive,1,trial,2,160,0.258,0.661,0.571,0.793,1.13,15.36,0.519,0.559,0.775,1359.24,160,0,0,0,1,159,4221.2875,,,,
anki_optimized,concurrency,audio,keep_alive,1,trial,3,160,0.245,0.567,0.569,0.773,0.854,3.05,0.534,0.557,0.755,1567.122,160,0,0,0,1,159,4207.61875,,,,
anki_optimized,concurrency,audio,keep_alive,1,aggregate,all,480,0.245,0.607,0.58,0.783,1.057,15.36,0.534,0.562,0.764,1498.484,480,0,0,0,3,477,4215.567,6.808,34.413,15.358,
anki_optimized,concurrency,lookup,keep_alive,8,trial,1,160,0.694,2.968,2.719,5.506,7.546,9.914,2.457,2.706,5.497,2432.916,160,0,0,0,8,152,288.64375,,,,
anki_optimized,concurrency,lookup,keep_alive,8,trial,2,160,0.788,2.944,2.637,5.751,7.999,8.804,2.234,2.625,5.742,2466.593,160,0,0,0,8,152,285.89375,,,,
anki_optimized,concurrency,lookup,keep_alive,8,trial,3,160,0.775,2.938,2.651,5.216,9.059,18.913,2.383,2.642,5.199,2481.605,160,0,0,0,8,152,289.25625,,,,
anki_optimized,concurrency,lookup,keep_alive,8,aggregate,all,480,0.694,2.95,2.659,5.505,7.999,18.913,2.372,2.646,5.483,2466.593,480,0,0,0,24,456,287.931,3.753,5.429,4.282,
anki_optimized,concurrency,audio,keep_alive,8,trial,1,160,0.678,2.953,2.762,5.47,7.246,7.465,2.652,2.75,5.456,2463.847,160,0,0,0,8,152,4217.79375,,,,
anki_optimized,concurrency,audio,keep_alive,8,trial,2,160,0.806,2.923,2.644,5.388,7.829,8.153,2.459,2.622,5.371,2489.199,160,0,0,0,8,152,4221.2875,,,,
anki_optimized,concurrency,audio,keep_alive,8,trial,3,160,0.589,2.875,2.457,5.674,7.691,9.256,2.345,2.44,5.655,2500.305,160,0,0,0,8,152,4207.61875,,,,
anki_optimized,concurrency,audio,keep_alive,8,aggregate,all,480,0.589,2.917,2.644,5.483,7.563,9.256,2.468,2.628,5.465,2489.199,480,0,0,0,24,456,4215.567,3.037,4.701,8.141,
anki_optimized,concurrency,lookup,keep_alive,32,trial,1,160,1.103,7.196,5.85,18.15,30.47,32.407,5.564,5.838,18.131,1849.266,160,0,0,0,29,131,288.64375,,,,
anki_optimized,concurrency,lookup,keep_alive,32,trial,2,160,1.036,6.143,5.154,12.408,19.084,22.272,4.679,5.142,12.4,1905.762,160,0,0,0,27,133,285.89375,,,,
anki_optimized,concurrency,lookup,keep_alive,32,trial,3,160,1.383,5.593,4.612,11.589,15.392,15.722,4.152,4.597,11.577,1934.678,160,0,0,0,26,134,289.25625,,,,
anki_optimized,concurrency,lookup,keep_alive,32,aggregate,all,480,1.036,6.311,5.315,13.204,19.819,32.407,4.728,5.298,13.194,1905.762,480,0,0,0,82,398,287.931,2.29,40.107,12.577,
anki_optimized,concurrency,audio,keep_alive,32,trial,1,160,1.087,5.859,4.868,13.276,19.731,25.96,4.742,4.852,13.258,1902.769,160,0,0,0,27,133,4217.79375,,,,
anki_optimized,concurrency,audio,keep_alive,32,trial,2,160,1.283,5.801,4.913,11.679,17.142,30.359,4.504,4.9,11.664,1465.913,160,0,0,0,27,133,4221.2875,,,,
anki_optimized,concurrency,audio,keep_alive,32,trial,3,160,1.016,5.878,5.351,13.026,16.211,17.926,4.891,5.332,13.017,1884.199,160,0,0,0,27,133,4207.61875,,,,
anki_optimized,concurrency,audio,keep_alive,32,aggregate,all,480,1.016,5.846,4.996,12.932,17.926,30.359,4.692,4.97,12.926,1884.199,480,0,0,0,81,399,4215.567,1.933,40.385,12.546,
rust,lookup_hotset,,connection_close,,trial,1,160,1.241,7.126,1.685,25.232,26.662,27.399,1.555,1.564,25.031,137.854,160,0,160,0,160,0,284.8875,,,,
rust,lookup_hotset,,connection_close,,trial,2,160,1.088,6.829,1.655,22.785,26.569,26.609,1.501,1.509,22.628,143.899,160,0,160,0,160,0,285.875,,,,
rust,lookup_hotset,,connection_close,,trial,3,160,1.132,6.844,1.752,21.056,25.917,25.997,1.574,1.583,20.893,143.48,160,0,160,0,160,0,288.35,,,,
rust,lookup_hotset,,connection_close,,trial,4,160,1.155,6.658,1.708,23.193,26.163,26.707,1.531,1.54,23.016,147.502,160,0,160,0,160,0,287.4375,,,,
rust,lookup_hotset,,connection_close,,trial,5,160,1.146,6.417,1.685,21.765,26.243,26.433,1.507,1.52,21.604,152.888,160,0,160,0,160,0,284.41875,,,,
rust,lookup_hotset,,connection_close,,aggregate,all,800,1.088,6.775,1.703,24.379,26.243,27.399,1.531,1.54,24.166,143.899,800,0,800,0,800,0,286.194,2.977,1.089,1.592,
rust,lookup_unique_real_hit,,connection_close,,trial,1,160,1.151,6.85,1.739,23.978,26.407,27.194,1.576,1.584,23.791,142.915,160,0,160,0,160,0,188.425,,,,
rust,lookup_unique_real_hit,,connection_close,,trial,2,160,1.239,7.027,1.771,24.259,26.912,27.202,1.604,1.611,24.088,139.151,160,0,160,0,160,0,192.3625,,,,
rust,lookup_unique_real_hit,,connection_close,,trial,3,160,1.226,7.342,1.743,25.376,26.603,26.946,1.578,1.588,25.18,133.432,160,0,160,0,160,0,193.9875,,,,
rust,lookup_unique_real_hit,,connection_close,,trial,4,160,1.214,7.11,1.721,24.762,26.276,26.581,1.564,1.573,24.601,137.827,160,0,160,0,160,0,192.7625,,,,
rust,lookup_unique_real_hit,,connection_close,,trial,5,160,1.235,7.006,1.748,22.81,26.742,27.118,1.586,1.593,22.622,139.662,160,0,160,0,160,0,190.95625,,,,
rust,lookup_unique_real_hit,,connection_close,,aggregate,all,800,1.151,7.067,1.752,24.579,26.562,27.202,1.583,1.591,24.405,139.151,800,0,800,0,800,0,191.699,3.479,1.172,1.657,
rust,two_stage,,connection_close,,trial,1,40,3.008,13.596,14.761,29.059,37.963,37.963,1.451,1.461,24.087,73.471,40,0,80,0,80,0,4465.375,,,,
rust,two_stage,,connection_close,,trial,2,40,2.842,12.098,3.909,27.98,31.829,31.829,1.528,1.536,21.638,82.547,40,0,80,0,80,0,4454.825,,,,
rust,two_stage,,connection_close,,trial,3,40,3.002,13.854,13.77,29.675,31.978,31.978,1.578,1.586,23.339,72.107,40,0,80,0,80,0,4466.175,,,,
rust,two_stage,,connection_close,,trial,4,40,2.98,13.696,13.722,30.471,30.81,30.81,1.531,1.539,24.275,72.932,40,0,80,0,80,0,4484.7,,,,
rust,two_stage,,connection_close,,trial,5,40,2.885,12.065,3.882,27.603,38.957,38.957,1.461,1.468,24.321,82.786,40,0,80,0,80,0,4477.15,,,,
rust,two_stage,,connection_close,,aggregate,all,200,2.842,13.062,13.612,29.635,34.42,38.957,1.524,1.534,24.275,73.471,200,0,400,0,400,0,4469.645,1.745,1.27,1.522,
rust,play,,connection_close,,trial,1,80,1.231,5.972,1.688,21.675,26.12,26.12,1.551,1.56,21.488,164.808,80,0,80,0,80,0,4153.8,,,,
rust,play,,connection_close,,trial,2,80,1.315,7.706,1.798,24.223,26.981,26.981,1.617,1.626,24.082,128.166,80,0,80,0,80,0,4165.5875,,,,
rust,play,,connection_close,,trial,3,80,1.285,7.195,1.77,25.605,26.996,26.996,1.603,1.611,25.382,137.151,80,0,80,0,80,0,4143.75,,,,
rust,play,,connection_close,,trial,4,80,1.344,7.861,1.776,23.736,26.353,26.353,1.602,1.61,23.496,125.647,80,0,80,0,80,0,4192.4875,,,,
rust,play,,connection_close,,trial,5,80,1.285,6.273,1.726,24.523,26.045,26.045,1.527,1.535,24.385,157.03,80,0,80,0,80,0,4113.4125,,,,
rust,play,,connection_close,,aggregate,all,400,1.231,7.001,1.749,24.523,26.353,26.996,1.59,1.598,24.385,137.151,400,0,400,0,400,0,4153.807,,,,7.781
rust,lookup_hotset,,keep_alive,,trial,1,160,0.153,0.286,0.248,0.518,0.625,0.676,0.236,0.242,0.505,2932.17,160,0,0,0,0,160,284.8875,,,,
rust,lookup_hotset,,keep_alive,,trial,2,160,0.149,0.288,0.235,0.527,0.608,0.615,0.227,0.229,0.515,2913.095,160,0,0,0,0,160,285.875,,,,
rust,lookup_hotset,,keep_alive,,trial,3,160,0.155,0.323,0.304,0.558,0.65,0.821,0.29,0.292,0.541,2609.608,160,0,0,0,0,160,288.35,,,,
rust,lookup_hotset,,keep_alive,,trial,4,160,0.153,0.281,0.197,0.535,0.589,0.693,0.188,0.19,0.518,3014.028,160,0,0,0,0,160,287.4375,,,,
rust,lookup_hotset,,keep_alive,,trial,5,160,0.157,0.297,0.22,0.536,0.62,1.164,0.211,0.214,0.52,2829.99,160,0,0,0,0,160,284.41875,,,,
rust,lookup_hotset,,keep_alive,,aggregate,all,800,0.149,0.295,0.248,0.536,0.62,1.164,0.239,0.242,0.518,2913.095,800,0,0,0,0,800,286.194,22.22,49.184,30.204,
rust,lookup_unique_real_hit,,keep_alive,,trial,1,160,0.157,0.333,0.302,0.575,0.952,1.722,0.287,0.29,0.561,2486.302,160,0,0,0,1,159,187.5125,,,,
rust,lookup_unique_real_hit,,keep_alive,,trial,2,160,0.158,0.314,0.293,0.509,0.594,1.635,0.285,0.287,0.491,2620.824,160,0,0,0,1,159,187.38125,,,,
rust,lookup_unique_real_hit,,keep_alive,,trial,3,160,0.158,0.381,0.269,0.535,0.687,13.642,0.257,0.26,0.522,2236.708,160,0,0,0,1,159,200.89375,,,,
rust,lookup_unique_real_hit,,keep_alive,,trial,4,160,0.15,0.408,0.24,0.534,0.707,18.258,0.233,0.235,0.515,2110.94,160,0,0,0,1,159,211.39375,,,,
rust,lookup_unique_real_hit,,keep_alive,,trial,5,160,0.156,0.425,0.271,0.542,0.753,19.926,0.257,0.262,0.528,2034.226,160,0,0,0,1,159,175.03125,,,,
rust,lookup_unique_real_hit,,keep_alive,,aggregate,all,800,0.15,0.372,0.279,0.547,0.707,19.926,0.266,0.272,0.535,2236.708,800,0,0,0,5,795,192.442,21.049,51.031,25.655,
rust,two_stage,,keep_alive,,trial,1,40,0.438,0.74,0.712,1.134,1.216,1.216,0.253,0.256,0.496,1336.037,40,0,0,0,0,80,4465.375,,,,
rust,two_stage,,keep_alive,,trial,2,40,0.438,0.782,0.755,1.096,1.232,1.232,0.335,0.338,0.505,1264.298,40,0,0,0,0,80,4454.825,,,,
rust,two_stage,,keep_alive,,trial,3,40,0.433,0.769,0.679,1.214,1.573,1.573,0.255,0.258,0.557,1285.351,40,0,0,0,0,80,4466.175,,,,
rust,two_stage,,keep_alive,,trial,4,40,0.433,0.758,0.626,1.249,1.399,1.399,0.252,0.255,0.559,1304.027,40,0,0,0,0,80,4484.7,,,,
rust,two_stage,,keep_alive,,trial,5,40,0.441,0.761,0.689,1.255,1.295,1.295,0.264,0.267,0.526,1298.765,40,0,0,0,0,80,4477.15,,,,
rust,two_stage,,keep_alive,,aggregate,all,200,0.433,0.762,0.712,1.216,1.343,1.573,0.266,0.268,0.545,1298.765,200,0,0,0,0,400,4469.645,33.078,31.513,27.699,
rust,play,,keep_alive,,trial,1,80,0.166,0.278,0.194,0.573,0.606,0.606,0.185,0.188,0.554,3192.198,80,0,0,0,0,80,4153.8,,,,
rust,play,,keep_alive,,trial,2,80,0.171,0.322,0.283,0.574,0.624,0.624,0.273,0.275,0.557,2757.442,80,0,0,0,0,80,4165.5875,,,,
rust,play,,keep_alive,,trial,3,80,0.172,0.305,0.291,0.534,0.581,0.581,0.28,0.283,0.516,2903.421,80,0,0,0,0,80,4143.75,,,,
rust,play,,keep_alive,,trial,4,80,0.166,0.307,0.283,0.564,0.655,0.655,0.273,0.276,0.545,2900.421,80,0,0,0,0,80,4192.4875,,,,
rust,play,,keep_alive,,trial,5,80,0.164,0.338,0.301,0.575,1.989,1.989,0.282,0.287,0.558,2654.227,80,0,0,0,0,80,4113.4125,,,,
rust,play,,keep_alive,,aggregate,all,400,0.164,0.31,0.266,0.571,0.624,1.989,0.257,0.259,0.55,2900.421,400,0,0,0,0,400,4153.807,,,,2.673
rust,concurrency,lookup,connection_close,1,trial,1,160,1.133,7.011,1.744,23.231,26.467,26.472,1.595,1.604,23.057,140.143,160,0,160,0,160,0,288.2875,,,,
rust,concurrency,lookup,connection_close,1,trial,2,160,1.049,6.668,1.698,25.161,26.459,26.589,1.544,1.552,24.985,147.313,160,0,160,0,160,0,285.53125,,,,
rust,concurrency,lookup,connection_close,1,trial,3,160,1.204,7.022,1.826,23.236,25.738,26.29,1.649,1.658,23.077,139.91,160,0,160,0,160,0,288.91875,,,,
rust,concurrency,lookup,connection_close,1,aggregate,all,480,1.049,6.9,1.754,23.813,26.386,26.589,1.603,1.612,23.588,140.143,480,0,480,0,480,0,287.579,3.045,1.096,1.472,
rust,concurrency,audio,connection_close,1,trial,1,160,1.288,7.609,1.86,25.07,27.011,27.507,1.678,1.687,24.859,129.311,160,0,160,0,160,0,4217.79375,,,,
rust,concurrency,audio,connection_close,1,trial,2,160,1.23,7.287,1.803,24.543,26.46,26.605,1.611,1.619,24.328,134.964,160,0,160,0,160,0,4221.2875,,,,
rust,concurrency,audio,connection_close,1,trial,3,160,1.217,7.729,1.881,23.963,25.978,26.907,1.722,1.73,23.773,127.299,160,0,160,0,160,0,4207.61875,,,,
rust,concurrency,audio,connection_close,1,aggregate,all,480,1.217,7.542,1.847,24.779,26.605,27.507,1.675,1.683,24.605,129.311,480,0,480,0,480,0,4215.567,1.965,1.072,1.238,
rust,concurrency,lookup,connection_close,8,trial,1,160,2.396,5.134,4.829,7.643,8.675,12.388,4.221,4.225,6.782,1453.466,160,0,160,0,160,0,288.2875,,,,
rust,concurrency,lookup,connection_close,8,trial,2,160,2.174,5.022,4.927,6.982,8.072,16.974,4.31,4.316,6.301,1487.713,160,0,160,0,160,0,285.53125,,,,
rust,concurrency,lookup,connection_close,8,trial,3,160,2.533,5.016,4.959,7.1,9.533,12.303,4.241,4.248,6.429,1475.968,160,0,160,0,160,0,288.91875,,,,
rust,concurrency,lookup,connection_close,8,aggregate,all,480,2.174,5.057,4.928,7.18,8.675,16.974,4.255,4.26,6.449,1475.968,480,0,480,0,480,0,287.579,2.028,4.028,5.971,
rust,concurrency,audio,connection_close,8,trial,1,160,1.886,5.083,5.03,7.0,8.935,9.184,4.235,4.24,6.506,1464.63,160,0,160,0,160,0,4217.79375,,,,
rust,concurrency,audio,connection_close,8,trial,2,160,2.22,5.202,5.136,7.473,8.406,11.992,4.419,4.425,6.527,1429.229,160,0,160,0,160,0,4221.2875,,,,
rust,concurrency,audio,connection_close,8,trial,3,160,2.45,5.129,5.048,7.279,8.579,8.959,4.54,4.547,6.265,1449.844,160,0,160,0,160,0,4207.61875,,,,
rust,concurrency,audio,connection_close,8,aggregate,all,480,1.886,5.138,5.092,7.316,8.579,11.992,4.419,4.425,6.4,1449.844,480,0,480,0,480,0,4215.567,1.574,3.391,4.777,
rust,concurrency,lookup,connection_close,32,trial,1,160,3.02,13.808,13.935,24.404,29.812,30.232,12.188,12.195,22.105,1298.842,160,0,160,0,160,0,288.2875,,,,
rust,concurrency,lookup,connection_close,32,trial,2,160,3.159,14.58,13.707,24.967,30.876,35.164,12.096,12.101,22.013,1325.112,160,0,160,0,160,0,285.53125,,,,
rust,concurrency,lookup,connection_close,32,trial,3,160,2.417,14.357,13.967,25.578,28.85,28.965,11.797,11.803,23.204,1297.494,160,0,160,0,160,0,288.91875,,,,
rust,concurrency,lookup,connection_close,32,aggregate,all,480,2.417,14.248,13.935,24.74,29.501,35.164,12.103,12.107,22.63,1298.842,480,0,480,0,480,0,287.579,0.879,21.268,8.586,
rust,concurrency,audio,connection_close,32,trial,1,160,2.964,14.788,14.094,24.996,27.54,31.671,12.234,12.237,23.369,1222.308,160,0,160,0,160,0,4217.79375,,,,
rust,concurrency,audio,connection_close,32,trial,2,160,2.513,16.031,15.036,27.52,33.325,34.511,13.268,13.276,24.38,1191.259,160,0,160,0,160,0,4221.2875,,,,
rust,concurrency,audio,connection_close,32,trial,3,160,3.193,14.93,14.638,25.972,31.381,31.587,12.657,12.664,24.888,1232.744,160,0,160,0,160,0,4207.61875,,,,
rust,concurrency,audio,connection_close,32,aggregate,all,480,2.513,15.25,14.638,26.009,31.381,34.511,12.686,12.691,24.271,1222.308,480,0,480,0,480,0,4215.567,0.683,20.04,8.051,
rust,concurrency,lookup,keep_alive,1,trial,1,160,0.164,0.349,0.312,0.532,0.621,3.308,0.301,0.304,0.519,2426.713,160,0,0,0,1,159,288.2875,,,,
rust,concurrency,lookup,keep_alive,1,trial,2,160,0.159,0.402,0.308,0.521,0.644,13.713,0.292,0.297,0.508,2154.345,160,0,0,0,1,159,285.53125,,,,
rust,concurrency,lookup,keep_alive,1,trial,3,160,0.151,0.422,0.292,0.53,0.964,16.228,0.28,0.284,0.515,2061.101,160,0,0,0,1,159,288.91875,,,,
rust,concurrency,lookup,keep_alive,1,aggregate,all,480,0.151,0.391,0.309,0.53,0.803,16.228,0.294,0.299,0.515,2154.345,480,0,0,0,3,477,287.579,16.75,49.982,21.367,
rust,concurrency,audio,keep_alive,1,trial,1,160,0.161,0.333,0.3,0.557,0.665,2.927,0.288,0.291,0.54,2559.91,160,0,0,0,1,159,4217.79375,,,,
rust,concurrency,audio,keep_alive,1,trial,2,160,0.163,0.421,0.319,0.581,0.705,13.718,0.304,0.309,0.562,2073.82,160,0,0,0,1,159,4221.2875,,,,
rust,concurrency,audio,keep_alive,1,trial,3,160,0.163,0.429,0.329,0.613,0.786,13.829,0.315,0.318,0.595,2042.035,160,0,0,0,1,159,4207.61875,,,,
rust,concurrency,audio,keep_alive,1,aggregate,all,480,0.161,0.394,0.315,0.58,0.761,13.829,0.301,0.304,0.561,2073.82,480,0,0,0,3,477,4215.567,12.525,46.519,21.254,
rust,concurrency,lookup,keep_alive,8,trial,1,160,0.192,2.768,2.411,6.691,7.722,7.814,2.394,2.4,6.684,2619.507,160,0,0,0,8,152,288.2875,,,,
rust,concurrency,lookup,keep_alive,8,trial,2,160,0.57,2.798,2.386,5.408,9.163,9.396,2.365,2.371,5.396,2453.307,160,0,0,0,8,152,285.53125,,,,
rust,concurrency,lookup,keep_alive,8,trial,3,160,0.34,2.904,2.598,5.936,7.465,8.081,2.578,2.584,5.926,2404.128,160,0,0,0,8,152,288.91875,,,,
rust,concurrency,lookup,keep_alive,8,aggregate,all,480,0.192,2.823,2.456,5.78,7.814,9.396,2.438,2.444,5.772,2453.307,480,0,0,0,24,456,287.579,4.064,5.171,4.259,
rust,concurrency,audio,keep_alive,8,trial,1,160,0.537,2.914,2.747,5.226,7.709,8.008,2.73,2.735,5.213,2354.201,160,0,0,0,8,152,4217.79375,,,,
rust,concurrency,audio,keep_alive,8,trial,2,160,0.27,3.013,2.62,6.046,18.594,19.8,2.593,2.601,6.028,2409.831,160,0,0,0,8,152,4221.2875,,,,
rust,concurrency,audio,keep_alive,8,trial,3,160,0.411,3.003,2.626,5.761,9.881,12.764,2.604,2.61,5.75,2310.059,160,0,0,0,8,152,4207.61875,,,,
rust,concurrency,audio,keep_alive,8,aggregate,all,480,0.27,2.976,2.656,5.761,9.298,19.8,2.635,2.641,5.75,2354.201,480,0,0,0,24,456,4215.567,3.023,4.475,7.699,
rust,concurrency,lookup,keep_alive,32,trial,1,160,0.31,4.428,3.348,11.197,16.989,19.259,3.334,3.338,11.193,2085.585,160,0,0,0,24,136,288.2875,,,,
rust,concurrency,lookup,keep_alive,32,trial,2,160,0.685,4.336,3.328,10.955,16.581,19.477,3.312,3.317,10.947,2120.998,160,0,0,0,24,136,285.53125,,,,
rust,concurrency,lookup,keep_alive,32,trial,3,160,0.324,4.242,3.42,9.967,13.867,15.855,3.401,3.407,9.958,2116.458,160,0,0,0,24,136,288.91875,,,,
rust,concurrency,lookup,keep_alive,32,aggregate,all,480,0.31,4.335,3.398,10.982,15.855,19.477,3.368,3.375,10.975,2116.458,480,0,0,0,72,408,287.579,3.582,48.223,13.968,
rust,concurrency,audio,keep_alive,32,trial,1,160,0.928,5.291,3.951,15.434,19.699,20.24,3.929,3.934,15.416,2006.252,160,0,0,0,28,132,4217.79375,,,,
rust,concurrency,audio,keep_alive,32,trial,2,160,0.673,5.346,4.36,12.498,19.704,20.222,4.339,4.345,12.491,1916.002,160,0,0,0,26,134,4221.2875,,,,
rust,concurrency,audio,keep_alive,32,trial,3,160,0.673,5.439,4.696,11.908,18.883,20.66,4.675,4.686,11.891,1882.851,160,0,0,0,26,134,4207.61875,,,,
rust,concurrency,audio,keep_alive,32,aggregate,all,480,0.673,5.358,4.347,13.178,19.699,20.66,4.326,4.331,13.162,1916.002,480,0,0,0,80,400,4215.567,2.221,39.631,12.758,
